{
  "" : {
    "transaction" : "",
    "sampleCount" : 21,
    "errorCount" : 0,
    "errorPct" : 0.0,
    "meanResTime" : 3497.142857142857,
    "medianResTime" : 1659.0,
    "minResTime" : 825.0,
    "maxResTime" : 7564.0,
    "pct1ResTime" : 7083.200000000001,
    "pct2ResTime" : 7526.299999999999,
    "pct3ResTime" : 7564.0,
    "throughput" : 1.3478818998716304,
    "receivedKBytesPerSec" : 30.148703265404365,
    "sentKBytesPerSec" : 1.953313041559692
  },
  "-36" : {
    "transaction" : "-36",
    "sampleCount" : 8,
    "errorCount" : 0,
    "errorPct" : 0.0,
    "meanResTime" : 1412.3750000000002,
    "medianResTime" : 1397.5,
    "minResTime" : 1303.0,
    "maxResTime" : 1515.0,
    "pct1ResTime" : 1515.0,
    "pct2ResTime" : 1515.0,
    "pct3ResTime" : 1515.0,
    "throughput" : 0.8002400720216065,
    "receivedKBytesPerSec" : 6.9348929678903675,
    "sentKBytesPerSec" : 0.46576472941882563
  },
  "Total" : {
    "transaction" : "Total",
    "sampleCount" : 87,
    "errorCount" : 0,
    "errorPct" : 0.0,
    "meanResTime" : 1206.3563218390805,
    "medianResTime" : 1308.0,
    "minResTime" : 23.0,
    "maxResTime" : 4233.0,
    "pct1ResTime" : 1666.8,
    "pct2ResTime" : 1753.5999999999995,
    "pct3ResTime" : 4233.0,
    "throughput" : 5.605308936279879,
    "receivedKBytesPerSec" : 41.52797268619934,
    "sentKBytesPerSec" : 2.599930134978416
  },
  "-4" : {
    "transaction" : "-4",
    "sampleCount" : 14,
    "errorCount" : 0,
    "errorPct" : 0.0,
    "meanResTime" : 1260.642857142857,
    "medianResTime" : 1393.0,
    "minResTime" : 517.0,
    "maxResTime" : 1786.0,
    "pct1ResTime" : 1697.5,
    "pct2ResTime" : 1786.0,
    "pct3ResTime" : 1786.0,
    "throughput" : 0.9321526066981822,
    "receivedKBytesPerSec" : 9.593252193055463,
    "sentKBytesPerSec" : 0.3176965427125641
  },
  "-5" : {
    "transaction" : "-5",
    "sampleCount" : 13,
    "errorCount" : 0,
    "errorPct" : 0.0,
    "meanResTime" : 449.69230769230774,
    "medianResTime" : 61.0,
    "minResTime" : 23.0,
    "maxResTime" : 4233.0,
    "pct1ResTime" : 2672.1999999999985,
    "pct2ResTime" : 4233.0,
    "pct3ResTime" : 4233.0,
    "throughput" : 1.4115092290988056,
    "receivedKBytesPerSec" : 0.3542557342562432,
    "sentKBytesPerSec" : 0.6533743892508143
  },
  "-32" : {
    "transaction" : "-32",
    "sampleCount" : 13,
    "errorCount" : 0,
    "errorPct" : 0.0,
    "meanResTime" : 1366.8461538461538,
    "medianResTime" : 1351.0,
    "minResTime" : 1132.0,
    "maxResTime" : 1674.0,
    "pct1ResTime" : 1672.4,
    "pct2ResTime" : 1674.0,
    "pct3ResTime" : 1674.0,
    "throughput" : 1.2526498361919445,
    "receivedKBytesPerSec" : 10.285523613653883,
    "sentKBytesPerSec" : 0.4770834337059164
  },
  "-33" : {
    "transaction" : "-33",
    "sampleCount" : 13,
    "errorCount" : 0,
    "errorPct" : 0.0,
    "meanResTime" : 1278.5384615384617,
    "medianResTime" : 1291.0,
    "minResTime" : 963.0,
    "maxResTime" : 1592.0,
    "pct1ResTime" : 1558.8,
    "pct2ResTime" : 1592.0,
    "pct3ResTime" : 1592.0,
    "throughput" : 1.2528912875867386,
    "receivedKBytesPerSec" : 10.215223984435235,
    "sentKBytesPerSec" : 0.6068692174248266
  },
  "-34" : {
    "transaction" : "-34",
    "sampleCount" : 13,
    "errorCount" : 0,
    "errorPct" : 0.0,
    "meanResTime" : 1295.3076923076926,
    "medianResTime" : 1296.0,
    "minResTime" : 987.0,
    "maxResTime" : 1606.0,
    "pct1ResTime" : 1568.8,
    "pct2ResTime" : 1606.0,
    "pct3ResTime" : 1606.0,
    "throughput" : 1.2151804075528136,
    "receivedKBytesPerSec" : 9.580226006029164,
    "sentKBytesPerSec" : 0.6823522796317069
  },
  "-35" : {
    "transaction" : "-35",
    "sampleCount" : 13,
    "errorCount" : 0,
    "errorPct" : 0.0,
    "meanResTime" : 1456.1538461538462,
    "medianResTime" : 1391.0,
    "minResTime" : 1096.0,
    "maxResTime" : 1898.0,
    "pct1ResTime" : 1856.0,
    "pct2ResTime" : 1898.0,
    "pct3ResTime" : 1898.0,
    "throughput" : 1.1704330602322859,
    "receivedKBytesPerSec" : 10.142991187989557,
    "sentKBytesPerSec" : 0.572643518726929
  }
}